{"theta0": 662.7007304095173, "theta1": -115.7579715692552}