{"theta0": 8433.89546371289, "theta1": -0.02082418927299716}